file,split,type,clustering_coefficient,num_nodes,num_edges
graph_1_2024_03_12_PARIS_Noyau_org_10_(8-bits)_Cystiques.pt,train,Cystiques,0.5624643619268589,4093,32744
graph_1_2024_03_12_PARIS_Noyau_org_2_(8-bits)_Cystiques.pt,train,Cystiques,0.5819964404441248,1749,13992
graph_1_2024_03_12_PARIS_Noyau_org_3_(8-bits)_Cystiques.pt,train,Cystiques,0.5551385286724216,1969,15752
graph_1_2024_03_12_PARIS_Noyau_org_4_(8-bits)_Cystiques.pt,train,Cystiques,0.5566422167392547,3685,29480
graph_1_2024_03_12_PARIS_Noyau_org_5_(8-bits)_Cystiques.pt,train,Cystiques,0.5658213241650818,1928,15424
graph_1_2024_03_12_PARIS_Noyau_org_6_(8-bits)_Cystiques.pt,train,Cystiques,0.5092316833948634,2868,22944
graph_1_2024_03_12_PARIS_Noyau_org_9_(8-bits)_Cystiques.pt,train,Cystiques,0.5904896685132334,3320,26560
graph_1_2024_06_26_PARIS_Noyau_Org_10_cystic_J7_20X_8bit_Cystiques.pt,train,Cystiques,0.4980876762126762,944,7552
graph_1_2024_06_26_PARIS_Noyau_Org_11_cystic_J7_20X_8bit_Cystiques.pt,train,Cystiques,0.4892555427692988,1672,13376
graph_1_2024_06_26_PARIS_Noyau_Org_12_cauliflower_J7_40X_8bit_Chouxfleurs.pt,train,Choux-fleurs,0.4537934852341632,1770,14160
graph_1_2024_06_26_PARIS_Noyau_Org_15_cauliflower_J7_40X_8bit_Chouxfleurs.pt,train,Choux-fleurs,0.45369731086736165,1576,12608
graph_1_2024_06_26_PARIS_Noyau_Org_16_cauliflower_J7_40X_8bit_Chouxfleurs.pt,train,Choux-fleurs,0.4329033202704123,2970,23760
graph_1_2024_06_26_PARIS_Noyau_Org_17_cauliflower_J7_40X_8bit_Chouxfleurs.pt,train,Choux-fleurs,0.41940562820821753,2458,19664
graph_1_2024_06_26_PARIS_Noyau_Org_18_cauliflower_J7_40X_8bit_Chouxfleurs.pt,train,Choux-fleurs,0.42914521233752,1950,15600
graph_1_2024_06_26_PARIS_Noyau_Org_19_cauliflower_J7_40X_8bit_Chouxfleurs.pt,train,Choux-fleurs,0.47903616640377616,1183,9464
graph_1_2024_06_26_PARIS_Noyau_Org_1_cystic_J7_40X_8bit_Cystiques.pt,train,Cystiques,0.48662724729145396,1355,10840
graph_1_2024_06_26_PARIS_Noyau_Org_20_cauliflower_J7_40X_8bit_Chouxfleurs.pt,train,Choux-fleurs,0.44766590380924853,1758,14064
graph_1_2024_06_26_PARIS_Noyau_Org_3_cauliflower_J7_40X_8bit_Chouxfleurs.pt,train,Choux-fleurs,0.4467500737709343,1534,12272
graph_1_2024_06_26_PARIS_Noyau_Org_5_cauliflower_J7_40X_8bit_Chouxfleurs.pt,train,Choux-fleurs,0.4427597188816336,1337,10696
graph_1_2024_06_26_PARIS_Noyau_Org_6_cauliflower_J7_40X_8bit_Chouxfleurs.pt,train,Choux-fleurs,0.42194082959678425,2645,21160
graph_1_2024_06_26_PARIS_Noyau_Org_7_cauliflower_J7_40X_8bit_Chouxfleurs.pt,train,Choux-fleurs,0.44550073305593807,1585,12680
graph_1_2024_06_26_PARIS_Noyau_Org_9_cystic_J7_20X_8bit_Cystiques.pt,train,Cystiques,0.5033822287770487,1583,12664
graph_1_2024_07_18_PARIS_Noyau_Org_10_cauliflower_J7_40X_8bit_Chouxfleurs.pt,train,Choux-fleurs,0.42379057716159046,2477,19816
graph_1_2024_07_18_PARIS_Noyau_Org_14_cauliflower_J7_40X_8bit_Chouxfleurs.pt,train,Choux-fleurs,0.4353008771862548,1867,14936
graph_1_2024_07_18_PARIS_Noyau_Org_1_cystic_J7_40X_8bit_Cystiques.pt,train,Cystiques,0.4767001744386209,3051,24408
graph_1_2024_07_18_PARIS_Noyau_Org_3_cystic_J7_40X_8bit_Cystiques.pt,train,Cystiques,0.4857196156452662,1614,12912
graph_1_2024_07_18_PARIS_Noyau_Org_5_cauliflower_J7_40X_8bit_Chouxfleurs.pt,train,Choux-fleurs,0.455770417711942,1522,12176
graph_1_2024_07_18_PARIS_Noyau_Org_6_cauliflower_J7_40X_8bit_Chouxfleurs.pt,train,Choux-fleurs,0.41561181258467866,2053,16424
graph_1_2024_07_18_PARIS_Noyau_Org_7_cauliflower_J7_40X_8bit_Chouxfleurs.pt,train,Choux-fleurs,0.4195627214586322,2690,21520
graph_1_2024_07_18_PARIS_Noyau_Org_8_cystic_J7_40X_8bit_Cystiques.pt,train,Cystiques,0.44390576345088184,2704,21632
graph_1_2024_07_24_PARIS_Noyau_Org_10_cauliflower_J7_40X_8bit_Chouxfleurs.pt,train,Choux-fleurs,0.43448796756221353,2155,17240
graph_1_2024_07_24_PARIS_Noyau_Org_11_cauliflower_J7_40X_8bit_Chouxfleurs.pt,train,Choux-fleurs,0.4368872935924126,1387,11096
graph_1_2024_07_24_PARIS_Noyau_Org_12_cauliflower_J7_40X_8bit_Chouxfleurs.pt,train,Choux-fleurs,0.408810777104228,2382,19056
graph_1_2024_07_24_PARIS_Noyau_Org_2_cauliflower_J7_40X_8bit_Chouxfleurs.pt,train,Choux-fleurs,0.47324732880288434,1728,13824
graph_1_2024_07_24_PARIS_Noyau_Org_4_cauliflower_J7_40X_8bit_Chouxfleurs.pt,train,Choux-fleurs,0.4606020861411005,1948,15584
graph_1_2024_07_24_PARIS_Noyau_Org_5_cauliflower_J7_40X_8bit_Chouxfleurs.pt,train,Choux-fleurs,0.4583736459804836,1404,11232
graph_1_2024_07_24_PARIS_Noyau_Org_6_cauliflower_J7_40X_8bit_Chouxfleurs.pt,train,Choux-fleurs,0.4131786707614986,2143,17144
graph_1_2024_07_24_PARIS_Noyau_Org_8_cauliflower_J7_40X_8bit_Chouxfleurs.pt,train,Choux-fleurs,0.43928407193713315,1960,15680
graph_1_2024_07_24_PARIS_Noyau_Org_9_cauliflower_J7_40X_8bit_Chouxfleurs.pt,train,Choux-fleurs,0.5178499511225126,1097,8776
graph_1_2024_08_20_PARIS_Noyau_Org_10_cauliflower_J7_40X_8bit_Chouxfleurs.pt,train,Choux-fleurs,0.455129840257319,1765,14120
graph_1_2024_08_20_PARIS_Noyau_Org_12_cauliflower_J7_40X_8bit_Chouxfleurs.pt,train,Choux-fleurs,0.43213937763846605,2194,17552
graph_1_2024_08_20_PARIS_Noyau_Org_14_cauliflower_J7_40X_8bit_Chouxfleurs.pt,train,Choux-fleurs,0.4344161220384313,1533,12264
graph_1_2024_08_20_PARIS_Noyau_Org_15_cauliflower_J7_40X_8bit_Chouxfleurs.pt,train,Choux-fleurs,0.44324671494545415,1507,12056
graph_1_2024_08_20_PARIS_Noyau_Org_16_cauliflower_J7_40X_8bit_Chouxfleurs.pt,train,Choux-fleurs,0.4627279424460797,1224,9792
graph_1_2024_08_20_PARIS_Noyau_Org_17_cauliflower_J7_40X_8bit_Chouxfleurs.pt,train,Choux-fleurs,0.45475549208861354,1573,12584
graph_1_2024_08_20_PARIS_Noyau_Org_18_cauliflower_J7_40X_8bit_Chouxfleurs.pt,train,Choux-fleurs,0.44997666099781103,1513,12104
graph_1_2024_08_20_PARIS_Noyau_Org_1_cauliflower_J7_40X_8bit_Chouxfleurs.pt,train,Choux-fleurs,0.4685324638767752,1670,13360
graph_1_2024_08_20_PARIS_Noyau_Org_20_cauliflower_J7_40X_8bit_Chouxfleurs.pt,train,Choux-fleurs,0.4585151550350822,1228,9824
graph_1_2024_08_20_PARIS_Noyau_Org_2_cauliflower_J7_40X_8bit_Chouxfleurs.pt,train,Choux-fleurs,0.4573525847552853,1259,10072
graph_1_2024_08_20_PARIS_Noyau_Org_3_cauliflower_J7_40X_8bit_Chouxfleurs.pt,train,Choux-fleurs,0.4657675938181354,1385,11080
graph_1_2024_08_20_PARIS_Noyau_Org_4_cauliflower_J7_40X_8bit_Chouxfleurs.pt,train,Choux-fleurs,0.46639313608623073,1173,9384
graph_1_2024_08_20_PARIS_Noyau_Org_5_cauliflower_J7_40X_8bit_Chouxfleurs.pt,train,Choux-fleurs,0.43925281322259346,2184,17472
graph_1_2024_08_20_PARIS_Noyau_Org_7_cauliflower_J7_40X_8bit_Chouxfleurs.pt,train,Choux-fleurs,0.4784477025004765,1478,11824
graph_1_2024_09_10_PARIS_Noyau_Org_10_cauliflower_J7_40X_8bit_Chouxfleurs.pt,train,Choux-fleurs,0.43202903628727807,1456,11648
graph_1_2024_09_10_PARIS_Noyau_Org_13_cauliflower_J7_40X_8bit_Chouxfleurs.pt,train,Choux-fleurs,0.43465315014468925,2336,18688
graph_1_2024_09_10_PARIS_Noyau_Org_14_cauliflower_J7_40X_8bit_Chouxfleurs.pt,train,Choux-fleurs,0.43378087483323885,1967,15736
graph_1_2024_09_10_PARIS_Noyau_Org_16_cauliflower_J7_40X_8bit_Chouxfleurs.pt,train,Choux-fleurs,0.4326271278139678,2462,19696
graph_1_2024_09_10_PARIS_Noyau_Org_17_cauliflower_J7_40X_8bit_Chouxfleurs.pt,train,Choux-fleurs,0.43277695464708454,1925,15400
graph_1_2024_09_10_PARIS_Noyau_Org_18_cauliflower_J7_40X_8bit_Chouxfleurs.pt,train,Choux-fleurs,0.443319600362944,1938,15504
graph_1_2024_09_10_PARIS_Noyau_Org_19_cauliflower_J7_40X_8bit_Chouxfleurs.pt,train,Choux-fleurs,0.4135796616368906,3320,26560
graph_1_2024_09_10_PARIS_Noyau_Org_1_cauliflower_J7_40X_8bit_Chouxfleurs.pt,train,Choux-fleurs,0.44489250710081674,1757,14056
graph_1_2024_09_10_PARIS_Noyau_Org_20_cauliflower_J7_40X_8bit_Chouxfleurs.pt,train,Choux-fleurs,0.43008180258806306,2396,19168
graph_1_2024_09_10_PARIS_Noyau_Org_21_cauliflower_J7_40X_8bit_Chouxfleurs.pt,train,Choux-fleurs,0.4296773720721208,2209,17672
graph_1_2024_09_10_PARIS_Noyau_Org_27_cauliflower_J7_40X_8bit_Chouxfleurs.pt,train,Choux-fleurs,0.43383355703999915,1366,10928
graph_1_2024_09_10_PARIS_Noyau_Org_29_cauliflower_J7_40X_8bit_Chouxfleurs.pt,train,Choux-fleurs,0.44026867533997655,1683,13464
graph_1_2024_09_10_PARIS_Noyau_Org_30_cauliflower_J7_40X_8bit_Chouxfleurs.pt,train,Choux-fleurs,0.426048510500229,1833,14664
graph_1_2024_09_10_PARIS_Noyau_Org_31_cauliflower_J7_40X_8bit_Chouxfleurs.pt,train,Choux-fleurs,0.4169052922321751,1912,15296
graph_1_2024_09_10_PARIS_Noyau_Org_32_cauliflower_J7_40X_8bit_Chouxfleurs.pt,train,Choux-fleurs,0.4290015683033463,2511,20088
graph_1_2024_09_10_PARIS_Noyau_Org_33_cauliflower_J7_40X_8bit_Chouxfleurs.pt,train,Choux-fleurs,0.44478283428055115,1971,15768
graph_1_2024_09_10_PARIS_Noyau_Org_35_cauliflower_J7_40X_8bit_Chouxfleurs.pt,train,Choux-fleurs,0.4345195105756048,1444,11552
graph_1_2024_09_10_PARIS_Noyau_Org_36_cauliflower_J7_40X_8bit_Chouxfleurs.pt,train,Choux-fleurs,0.4406213055362978,1941,15528
graph_1_2024_09_10_PARIS_Noyau_Org_37_cauliflower_J7_40X_8bit_Chouxfleurs.pt,train,Choux-fleurs,0.41493203558867037,2494,19952
graph_1_2024_09_10_PARIS_Noyau_Org_38_cauliflower_J7_40X_8bit_Chouxfleurs.pt,train,Choux-fleurs,0.4287333641470071,2067,16536
graph_1_2024_09_10_PARIS_Noyau_Org_39_cauliflower_J7_40X_8bit_Chouxfleurs.pt,train,Choux-fleurs,0.439836963036963,1750,14000
graph_1_2024_09_10_PARIS_Noyau_Org_4_cauliflower_J7_40X_8bit_Chouxfleurs.pt,train,Choux-fleurs,0.43435340398129474,1516,12128
graph_1_2024_09_10_PARIS_Noyau_Org_5_cauliflower_J7_40X_8bit_Chouxfleurs.pt,train,Choux-fleurs,0.4227914127130651,2106,16848
graph_1_2024_09_10_PARIS_Noyau_Org_7_cauliflower_J7_40X_8bit_Chouxfleurs.pt,train,Choux-fleurs,0.42833228298938414,2056,16448
graph_1_2024_09_10_PARIS_Noyau_Org_8_cauliflower_J7_40X_8bit_Chouxfleurs.pt,train,Choux-fleurs,0.44783653457200856,3924,31392
graph_1_2024_09_10_PARIS_Noyau_Org_9_cauliflower_J7_40X_8bit_Chouxfleurs.pt,train,Choux-fleurs,0.44390043441858273,1901,15208
graph_1_2024_10_03_PARIS_Noyau_Org_11_cauliflower_J7_40X_8bit_Chouxfleurs.pt,train,Choux-fleurs,0.45844340087472757,1711,13688
graph_1_2024_10_03_PARIS_Noyau_Org_12_cystic_J7_40X_8bit_Cystiques.pt,train,Cystiques,0.4679045327555091,2919,23352
graph_1_2024_10_03_PARIS_Noyau_Org_13_cystic_J7_40X_8bit_Cystiques.pt,train,Cystiques,0.49624380562485004,1034,8272
graph_1_2024_10_03_PARIS_Noyau_Org_14_cystic_J7_40X_8bit_Cystiques.pt,train,Cystiques,0.44802265247513834,1589,12712
graph_1_2024_10_03_PARIS_Noyau_Org_15_cystic_J7_40X_8bit_Cystiques.pt,train,Cystiques,0.4845423624300789,1678,13424
graph_1_2024_10_03_PARIS_Noyau_Org_16_cystic_J7_40X_8bit_Cystiques.pt,train,Cystiques,0.4472857648103455,1729,13832
graph_1_2024_10_03_PARIS_Noyau_Org_17_cauliflower_J7_40X_8bit_Chouxfleurs.pt,train,Choux-fleurs,0.4570420510621937,2383,19064
graph_1_2024_10_03_PARIS_Noyau_Org_18_cystic_J7_40X_8bit_Cystiques.pt,train,Cystiques,0.446574209335044,3738,29904
graph_1_2024_10_03_PARIS_Noyau_Org_19_cystic_J7_40X_8bit_Cystiques.pt,train,Cystiques,0.47279253583284664,2059,16472
graph_1_2024_10_03_PARIS_Noyau_Org_1_cauliflower_J7_40X_8bit_Chouxfleurs.pt,train,Choux-fleurs,0.4509673859600981,2825,22600
graph_1_2024_10_03_PARIS_Noyau_Org_4_cauliflower_J7_40X_8bit_Chouxfleurs.pt,train,Choux-fleurs,0.4551889663964381,1499,11992
graph_1_2024_10_03_PARIS_Noyau_Org_5_cauliflower_J7_40X_8bit_Chouxfleurs.pt,train,Choux-fleurs,0.4681391308599789,2547,20376
graph_1_2024_10_03_PARIS_Noyau_Org_6_cauliflower_J7_40X_8bit_Chouxfleurs.pt,train,Choux-fleurs,0.4759554254972921,1483,11864
graph_1_2024_10_03_PARIS_Noyau_Org_7_cauliflower_J7_40X_8bit_Chouxfleurs.pt,train,Choux-fleurs,0.4556981535943668,2139,17112
graph_1_2024_10_03_PARIS_Noyau_Org_8_cauliflower_J7_40X_8bit_Chouxfleurs.pt,train,Choux-fleurs,0.46896813658234976,2955,23640
graph_1_2024_10_03_PARIS_Noyau_Org_9_cauliflower_J7_40X_8bit_Chouxfleurs.pt,train,Choux-fleurs,0.4665178031111444,1682,13456
graph_1_2024_10_31_PARIS_Noyau_Org _10_cystic_J7_40X_8bit_Cystiques.pt,train,Cystiques,0.4828631417658333,1449,11592
graph_1_2024_10_31_PARIS_Noyau_Org _11_cystic_J7_40X_8bit_Cystiques.pt,train,Cystiques,0.4951233531645903,970,7760
graph_1_2024_10_31_PARIS_Noyau_Org _12_cystic_J7_20X_8bit_Cystiques.pt,train,Cystiques,0.5109421295929233,1512,12096
graph_1_2024_10_31_PARIS_Noyau_Org _13_cystic_J7_40X_8bit_Cystiques.pt,train,Cystiques,0.4797582410519844,2829,22632
graph_1_2024_10_31_PARIS_Noyau_Org _14_cystic_J7_40X_8bit_Cystiques.pt,train,Cystiques,0.49797502880906425,1187,9496
graph_1_2024_10_31_PARIS_Noyau_Org _16_cystic_J7_40X_8bit_Cystiques.pt,train,Cystiques,0.479729713634499,2027,16216
graph_1_2024_10_31_PARIS_Noyau_Org _17_cystic_J7_40X_8bit_Cystiques.pt,train,Cystiques,0.4905048701744434,2179,17432
graph_1_2024_10_31_PARIS_Noyau_Org _19_cystic_J7_40X_8bit_Cystiques.pt,train,Cystiques,0.5087917568830432,1205,9640
graph_1_2024_10_31_PARIS_Noyau_Org _1_cystic_J7_40X_8bit_Cystiques.pt,train,Cystiques,0.4666209470964514,1388,11104
graph_1_2024_10_31_PARIS_Noyau_Org _20_cystic_J7_40X_8bit_Cystiques.pt,train,Cystiques,0.47494423603286406,2471,19768
graph_1_2024_10_31_PARIS_Noyau_Org _2_cystic_J7_40X_8bit_Cystiques.pt,train,Cystiques,0.4867907740469946,1487,11896
graph_1_2024_10_31_PARIS_Noyau_Org _3_cystic_J7_40X_8bit_Cystiques.pt,train,Cystiques,0.4945946435140934,1527,12216
graph_1_2024_10_31_PARIS_Noyau_Org _4_cystic_J7_40X_8bit_Cystiques.pt,train,Cystiques,0.47509561176429377,1654,13232
graph_1_2024_10_31_PARIS_Noyau_Org _5_cystic_J7_40X_8bit_Cystiques.pt,train,Cystiques,0.4588018876680158,1733,13864
graph_1_2024_10_31_PARIS_Noyau_Org _6_cystic_J7_40X_8bit_Cystiques.pt,train,Cystiques,0.5032689674997367,780,6240
graph_1_2024_10_31_PARIS_Noyau_Org _7_cystic_J7_40X_8bit_Cystiques.pt,train,Cystiques,0.49223639435760647,1485,11880
graph_1_2024_10_31_PARIS_Noyau_Org _8_cystic_J7_40X_8bit_Cystiques.pt,train,Cystiques,0.47045478604591906,2030,16240
graph_1_2025_01_28_PARIS_Noyau_Org _13_cystic_J7_40X_8bit_Cystiques.pt,train,Cystiques,0.5303018727483214,887,7096
graph_1_2025_01_28_PARIS_Noyau_Org _15_cystic_J7_40X_8bit_Cystiques.pt,train,Cystiques,0.5053610431952678,1122,8976
graph_1_2025_01_28_PARIS_Noyau_Org _17_cystic_J7_40X_8bit_Cystiques.pt,train,Cystiques,0.5846476755567664,517,4136
graph_1_2025_01_28_PARIS_Noyau_Org _18_cystic_J7_40X_8bit_Cystiques.pt,train,Cystiques,0.5443182699460395,677,5416
graph_1_2025_01_28_PARIS_Noyau_Org _3_cystic_J7_40X_8bit_Cystiques.pt,train,Cystiques,0.4881246604465602,1895,15160
graph_1_2025_01_28_PARIS_Noyau_Org _4_cystic_J7_40X_8bit_Cystiques.pt,train,Cystiques,0.4562718695727052,1436,11488
graph_1_2025_01_28_PARIS_Noyau_Org _5_cystic_J7_40X_8bit_Cystiques.pt,train,Cystiques,0.5069983470290219,978,7824
graph_1_2025_01_28_PARIS_Noyau_Org _7_cystic_J7_40X_8bit_Cystiques.pt,train,Cystiques,0.4962105741480742,800,6400
graph_1_2025_01_28_PARIS_Noyau_Org _8_cystic_J7_40X_8bit_Cystiques.pt,train,Cystiques,0.5152049572267161,1103,8824
graph_1_2025_01_28_PARIS_Noyau_Org _9_cystic_J7_40X_8bit_Cystiques.pt,train,Cystiques,0.4928682652472975,992,7936
graph_1_2025_02_05_PARIS_Noyau_Org _10_cystic_J7_40X_8bit_Cystiques.pt,train,Cystiques,0.5479674278712741,780,6240
graph_1_2025_02_05_PARIS_Noyau_Org _11_cystic_J7_40X_8bit_Cystiques.pt,train,Cystiques,0.4885408826162866,2228,17824
graph_1_2025_02_05_PARIS_Noyau_Org _1_cystic_J7_40X_8bit_Cystiques.pt,train,Cystiques,0.4798809531357129,1103,8824
graph_1_2025_02_05_PARIS_Noyau_Org _2_cystic_J7_40X_8bit_Cystiques.pt,train,Cystiques,0.5017439139357476,1298,10384
graph_1_2025_02_05_PARIS_Noyau_Org _5_cystic_J7_40X_8bit_Cystiques.pt,train,Cystiques,0.4954117984976661,1118,8944
graph_1_2025_02_05_PARIS_Noyau_Org _7_cystic_J7_40X_8bit_Cystiques.pt,train,Cystiques,0.4971724048139142,1590,12720
graph_1_2025_02_05_PARIS_Noyau_Org _8_cystic_J7_40X_8bit_Cystiques.pt,train,Cystiques,0.46904218043634444,1905,15240
graph_1_2025_02_05_PARIS_Noyau_Org _9_cystic_J7_40X_8bit_Cystiques.pt,train,Cystiques,0.45303294579680037,2833,22664
graph_1_2025_02_14_PARIS_Noyau_Org _10_cystic_J7_40X_8bit_Cystiques.pt,train,Cystiques,0.503520592323028,1478,11824
graph_1_2025_02_14_PARIS_Noyau_Org _11_cystic_J7_40X_8bit_Cystiques.pt,train,Cystiques,0.5290396238794816,1124,8992
graph_1_2025_02_14_PARIS_Noyau_Org _13_cystic_J7_40X_8bit_Cystiques.pt,train,Cystiques,0.4746549569091536,1251,10008
graph_1_2025_02_14_PARIS_Noyau_Org _14_cystic_J7_40X_8bit_Cystiques.pt,train,Cystiques,0.4964739464739465,925,7400
graph_1_2025_02_14_PARIS_Noyau_Org _16_cystic_J7_40X_8bit_Cystiques.pt,train,Cystiques,0.5356501981445853,786,6288
graph_1_2025_02_14_PARIS_Noyau_Org _17_cystic_J7_40X_8bit_Cystiques.pt,train,Cystiques,0.544657378615687,982,7856
graph_1_2025_02_14_PARIS_Noyau_Org _18_cystic_J7_40X_8bit_Cystiques.pt,train,Cystiques,0.4523883320586617,2002,16016
graph_1_2025_02_14_PARIS_Noyau_Org _3_cystic_J7_40X_8bit_Cystiques.pt,train,Cystiques,0.4973559872414834,786,6288
graph_1_2025_02_14_PARIS_Noyau_Org _6_cystic_J7_40X_8bit_Cystiques.pt,train,Cystiques,0.5006810295793347,885,7080
graph_1_2025_02_14_PARIS_Noyau_Org _7_cystic_J7_40X_8bit_Cystiques.pt,train,Cystiques,0.48656605754950444,1027,8216
graph_1_2025_02_14_PARIS_Noyau_Org _8_cystic_J7_40X_8bit_Cystiques.pt,train,Cystiques,0.5305894198836782,836,6688
graph_1_2025_02_14_PARIS_Noyau_Org _9_cystic_J7_40X_8bit_Cystiques.pt,train,Cystiques,0.4767402225636116,1257,10056
graph_1_2025_03_03_PARIS_Noyau_Org _10_cystic_J7_40X_8bit_Cystiques.pt,train,Cystiques,0.4993794702514554,1078,8624
graph_1_2025_03_03_PARIS_Noyau_Org _11_cystic_J7_40X_8bit_Cystiques.pt,train,Cystiques,0.5164073720477661,1015,8120
graph_1_2025_03_03_PARIS_Noyau_Org _2_cystic_J7_40X_8bit_Cystiques.pt,train,Cystiques,0.4929072550299425,1027,8216
graph_1_2025_03_03_PARIS_Noyau_Org _3_cystic_J7_40X_8bit_Cystiques.pt,train,Cystiques,0.49322914939798057,462,3696
graph_1_2025_03_03_PARIS_Noyau_Org _6_cystic_J7_40X_8bit_Cystiques.pt,train,Cystiques,0.5207861138861138,1000,8000
graph_1_2025_03_03_PARIS_Noyau_Org _7_cystic_J7_40X_8bit_Cystiques.pt,train,Cystiques,0.4868295288067649,2336,18688
graph_1_2025_03_19_PARIS_Noyau_Org _10_cystic_J7_40X_8bit_Cystiques.pt,train,Cystiques,0.49812826182748393,1157,9256
graph_1_2025_03_19_PARIS_Noyau_Org _11_cystic_J7_40X_8bit_Cystiques.pt,train,Cystiques,0.48870864121202123,2741,21928
graph_1_2025_03_19_PARIS_Noyau_Org _13_cystic_J7_40X_8bit_Cystiques.pt,train,Cystiques,0.49326176790827225,2546,20368
graph_1_2025_03_19_PARIS_Noyau_Org _14_cystic_J7_40X_8bit_Cystiques.pt,train,Cystiques,0.5153724809050253,1014,8112
graph_1_2025_03_19_PARIS_Noyau_Org _15_cystic_J7_40X_8bit_Cystiques.pt,train,Cystiques,0.4907754076871724,2516,20128
graph_1_2025_03_19_PARIS_Noyau_Org _1_cystic_J7_40X_8bit_Cystiques.pt,train,Cystiques,0.4816315557588658,974,7792
graph_1_2025_03_19_PARIS_Noyau_Org _2_cystic_J7_40X_8bit_Cystiques.pt,train,Cystiques,0.5242626309635027,857,6856
graph_1_2025_03_19_PARIS_Noyau_Org _4_cystic_J7_40X_8bit_Cystiques.pt,train,Cystiques,0.49475422725422724,1920,15360
graph_1_2025_03_19_PARIS_Noyau_Org _5_cystic_J7_40X_8bit_Cystiques.pt,train,Cystiques,0.5231045068815452,601,4808
graph_1_2025_03_19_PARIS_Noyau_Org _7_cystic_J7_40X_8bit_Cystiques.pt,train,Cystiques,0.4944456228702804,1752,14016
graph_1_2025_03_19_PARIS_Noyau_Org _8_cystic_J7_40X_8bit_Cystiques.pt,train,Cystiques,0.5011007191471754,1679,13432
graph_1_2025_03_20_PARIS_Noyau_Org _10_cystic_J7_40X_8bit_Cystiques.pt,train,Cystiques,0.4949646986217361,1627,13016
graph_1_2025_03_20_PARIS_Noyau_Org _11_cystic_J7_40X_8bit_Cystiques.pt,train,Cystiques,0.5051813800051858,1277,10216
graph_1_2025_03_20_PARIS_Noyau_Org _12_cystic_J7_40X_8bit_Cystiques.pt,train,Cystiques,0.5532164480734248,911,7288
graph_1_2025_03_20_PARIS_Noyau_Org _13_cystic_J7_40X_8bit_Cystiques.pt,train,Cystiques,0.5046606650054926,986,7888
graph_1_2025_03_20_PARIS_Noyau_Org _14_cystic_J7_40X_8bit_Cystiques.pt,train,Cystiques,0.506786288055799,961,7688
graph_1_2025_03_20_PARIS_Noyau_Org _15_cystic_J7_40X_8bit_Cystiques.pt,train,Cystiques,0.4877861551366153,2608,20864
graph_1_2025_03_20_PARIS_Noyau_Org _16_cystic_J7_40X_8bit_Cystiques.pt,train,Cystiques,0.511515779473526,852,6816
graph_1_2025_03_20_PARIS_Noyau_Org _1_cystic_J7_40X_8bit_Cystiques.pt,train,Cystiques,0.4957129795008583,990,7920
graph_1_2025_03_20_PARIS_Noyau_Org _20_cystic_J7_40X_8bit_Cystiques.pt,train,Cystiques,0.5109990801255861,996,7968
graph_1_2025_03_20_PARIS_Noyau_Org _23_cystic_J7_40X_8bit_Cystiques.pt,train,Cystiques,0.47924989240778715,1881,15048
graph_1_2025_03_20_PARIS_Noyau_Org _24_cystic_J7_40X_8bit_Cystiques.pt,train,Cystiques,0.49123660926293167,1171,9368
graph_1_2025_03_20_PARIS_Noyau_Org _25_cystic_J7_40X_8bit_Cystiques.pt,train,Cystiques,0.5065274767870704,886,7088
graph_1_2025_03_20_PARIS_Noyau_Org _26_cystic_J7_40X_8bit_Cystiques.pt,train,Cystiques,0.4895309245656653,1871,14968
graph_1_2025_03_20_PARIS_Noyau_Org _27_cystic_J7_40X_8bit_Cystiques.pt,train,Cystiques,0.9434343434343435,11,88
graph_1_2025_03_20_PARIS_Noyau_Org _28_cystic_J7_40X_8bit_Cystiques.pt,train,Cystiques,0.5290979214187405,586,4688
graph_1_2025_03_20_PARIS_Noyau_Org _29_cystic_J7_40X_8bit_Cystiques.pt,train,Cystiques,0.5224991928913497,765,6120
graph_1_2025_03_20_PARIS_Noyau_Org _2_cystic_J7_40X_8bit_Cystiques.pt,train,Cystiques,0.5624166805416805,640,5120
graph_1_2025_03_20_PARIS_Noyau_Org _3_cystic_J7_40X_8bit_Cystiques.pt,train,Cystiques,0.4920147983492035,1555,12440
graph_1_2025_03_20_PARIS_Noyau_Org _4_cystic_J7_40X_8bit_Cystiques.pt,train,Cystiques,0.5176721995157749,1074,8592
graph_1_2025_03_20_PARIS_Noyau_Org _5_cystic_J7_40X_8bit_Cystiques.pt,train,Cystiques,0.5004208754208754,1170,9360
graph_1_2025_03_20_PARIS_Noyau_Org _6_cystic_J7_40X_8bit_Cystiques.pt,train,Cystiques,0.5669650838269826,811,6488
graph_1_2025_03_20_PARIS_Noyau_Org _7_cystic_J7_40X_8bit_Cystiques.pt,train,Cystiques,0.5694071206571206,80,640
graph_1_2025_03_20_PARIS_Noyau_Org _8_cystic_J7_40X_8bit_Cystiques.pt,train,Cystiques,0.472782862970363,1600,12800
graph_2_2024_03_12_PARIS_Noyau_org_10_(8-bits)_Cystiques.pt,train,Cystiques,0.5503555668650008,212,1696
graph_2_2024_03_12_PARIS_Noyau_org_5_(8-bits)_Cystiques.pt,train,Cystiques,0.9434343434343435,11,88
graph_2_2024_03_12_PARIS_Noyau_org_6_(8-bits)_Cystiques.pt,train,Cystiques,0.5807796138136563,4681,37448
graph_2_2024_03_12_PARIS_Noyau_org_7_(8-bits)_Cystiques.pt,train,Cystiques,0.934920634920635,11,88
graph_2_2024_03_12_PARIS_Noyau_org_8_(8-bits)_Cystiques.pt,train,Cystiques,0.5750906928904299,4161,33288
graph_2_2024_06_26_PARIS_Noyau_Org_8_cystic_J7_40X_8bit_Cystiques.pt,train,Cystiques,0.9434343434343435,11,88
graph_2_2024_07_18_PARIS_Noyau_Org_2_cystic_J7_40X_8bit_Cystiques.pt,train,Cystiques,0.5043292814157196,1342,10736
graph_2_2024_07_24_PARIS_Noyau_Org_11_cauliflower_J7_40X_8bit_Chouxfleurs.pt,train,Choux-fleurs,0.9525252525252526,11,88
graph_2_2024_07_24_PARIS_Noyau_Org_9_cauliflower_J7_40X_8bit_Chouxfleurs.pt,train,Choux-fleurs,0.6623979195407768,35,280
graph_2_2024_08_20_PARIS_Noyau_Org_14_cauliflower_J7_40X_8bit_Chouxfleurs.pt,train,Choux-fleurs,0.9084249084249085,14,112
graph_2_2024_08_20_PARIS_Noyau_Org_1_cauliflower_J7_40X_8bit_Chouxfleurs.pt,train,Choux-fleurs,0.8842712842712842,11,88
graph_2_2024_10_03_PARIS_Noyau_Org_9_cauliflower_J7_40X_8bit_Chouxfleurs.pt,train,Choux-fleurs,0.7960698032126603,14,112
graph_2_2024_10_31_PARIS_Noyau_Org _10_cystic_J7_40X_8bit_Cystiques.pt,train,Cystiques,0.5906605865789539,147,1176
graph_2_2024_10_31_PARIS_Noyau_Org _6_cystic_J7_40X_8bit_Cystiques.pt,train,Cystiques,0.7051956274178496,27,216
graph_2_2024_10_31_PARIS_Noyau_Org _9_cystic_J7_40X_8bit_Cystiques.pt,train,Cystiques,0.49245388917608157,1861,14888
graph_2_2025_01_28_PARIS_Noyau_Org _15_cystic_J7_40X_8bit_Cystiques.pt,train,Cystiques,0.5809156584156584,60,480
graph_2_2025_01_28_PARIS_Noyau_Org _16_cystic_J7_40X_8bit_Cystiques.pt,train,Cystiques,0.7035769785769787,30,240
graph_2_2025_01_28_PARIS_Noyau_Org _18_cystic_J7_40X_8bit_Cystiques.pt,train,Cystiques,0.6100073730878685,38,304
graph_2_2025_01_28_PARIS_Noyau_Org _9_cystic_J7_40X_8bit_Cystiques.pt,train,Cystiques,0.9777777777777779,10,80
graph_2_2025_02_05_PARIS_Noyau_Org _5_cystic_J7_40X_8bit_Cystiques.pt,train,Cystiques,0.6681440252868824,21,168
graph_2_2025_02_14_PARIS_Noyau_Org _13_cystic_J7_40X_8bit_Cystiques.pt,train,Cystiques,0.6601061265123765,64,512
graph_2_2025_02_14_PARIS_Noyau_Org _16_cystic_J7_40X_8bit_Cystiques.pt,train,Cystiques,0.8494975784449469,19,152
graph_2_2025_02_14_PARIS_Noyau_Org _2_cystic_J7_40X_8bit_Cystiques.pt,train,Cystiques,0.8155920103288524,19,152
graph_2_2025_02_14_PARIS_Noyau_Org _7_cystic_J7_40X_8bit_Cystiques.pt,train,Cystiques,0.7126560573928995,19,152
graph_2_2025_03_03_PARIS_Noyau_Org _7_cystic_J7_40X_8bit_Cystiques.pt,train,Cystiques,0.6189378254595646,46,368
graph_2_2025_03_19_PARIS_Noyau_Org _13_cystic_J7_40X_8bit_Cystiques.pt,train,Cystiques,0.5886310726310726,75,600
graph_2_2025_03_19_PARIS_Noyau_Org _9_cystic_J7_40X_8bit_Cystiques.pt,train,Cystiques,0.6787288963759552,51,408
graph_2_2025_03_20_PARIS_Noyau_Org _21_cystic_J7_40X_8bit_Cystiques.pt,train,Cystiques,0.8793448614877187,14,112
graph_2_2025_03_20_PARIS_Noyau_Org _25_cystic_J7_40X_8bit_Cystiques.pt,train,Cystiques,0.6816900271445726,33,264
graph_2_2025_03_20_PARIS_Noyau_Org _7_cystic_J7_40X_8bit_Cystiques.pt,train,Cystiques,0.5083914603914604,1875,15000
graph_3_2024_07_18_PARIS_Noyau_Org_3_cystic_J7_40X_8bit_Cystiques.pt,train,Cystiques,0.4691019139590568,175,1400
graph_3_2024_07_18_PARIS_Noyau_Org_5_cauliflower_J7_40X_8bit_Chouxfleurs.pt,train,Choux-fleurs,0.7862509018759019,16,128
graph_3_2024_07_24_PARIS_Noyau_Org_11_cauliflower_J7_40X_8bit_Chouxfleurs.pt,train,Choux-fleurs,0.87113572701808,17,136
graph_3_2024_07_24_PARIS_Noyau_Org_1_cystic_J7_40X_8bit_Cystiques.pt,train,Cystiques,0.47293752842139936,155,1240
graph_3_2024_10_31_PARIS_Noyau_Org _18_cystic_J7_40X_8bit_Cystiques.pt,train,Cystiques,0.7182066904289127,27,216
graph_3_2025_02_05_PARIS_Noyau_Org _3_cystic_J7_40X_8bit_Cystiques.pt,train,Cystiques,0.9067599067599067,13,104
graph_3_2025_02_14_PARIS_Noyau_Org _17_cystic_J7_40X_8bit_Cystiques.pt,train,Cystiques,0.9777777777777779,10,80
graph_3_2025_03_20_PARIS_Noyau_Org _18_cystic_J7_40X_8bit_Cystiques.pt,train,Cystiques,0.7011333931306571,43,344
graph_3_2025_03_20_PARIS_Noyau_Org _28_cystic_J7_40X_8bit_Cystiques.pt,train,Cystiques,0.9018578643578644,12,96
graph_1_2024_03_12_PARIS_Noyau_org_11_(8-bits)_Cystiques.pt,test,Cystiques,0.5841750056041306,2277,18216
graph_1_2024_03_12_PARIS_Noyau_org_7_(8-bits)_Cystiques.pt,test,Cystiques,0.563684049055183,4850,38800
graph_1_2024_03_12_PARIS_Noyau_org_8_(8-bits)_Cystiques.pt,test,Cystiques,0.6308331470303301,213,1704
graph_1_2024_06_26_PARIS_Noyau_Org_13_cauliflower_J7_40X_8bit_Chouxfleurs.pt,test,Choux-fleurs,0.44875891743111657,3133,25064
graph_1_2024_06_26_PARIS_Noyau_Org_14_cauliflower_J7_40X_8bit_Chouxfleurs.pt,test,Choux-fleurs,0.4465277868574039,2063,16504
graph_1_2024_06_26_PARIS_Noyau_Org_4_cauliflower_J7_40X_8bit_Chouxfleurs.pt,test,Choux-fleurs,0.4435570056270693,1570,12560
graph_1_2024_06_26_PARIS_Noyau_Org_8_cystic_J7_40X_8bit_Cystiques.pt,test,Cystiques,0.4717382385185932,2199,17592
graph_1_2024_07_18_PARIS_Noyau_Org_13_cauliflower_J7_40X_8bit_Chouxfleurs.pt,test,Choux-fleurs,0.419053794665067,2413,19304
graph_1_2024_07_18_PARIS_Noyau_Org_15_cauliflower_J7_40X_8bit_Chouxfleurs.pt,test,Choux-fleurs,0.4267613730861239,2408,19264
graph_1_2024_07_18_PARIS_Noyau_Org_2_cystic_J7_40X_8bit_Cystiques.pt,test,Cystiques,0.7387970216917585,38,304
graph_1_2024_07_18_PARIS_Noyau_Org_4_cauliflower_J7_40X_8bit_Chouxfleurs.pt,test,Choux-fleurs,0.4290053347970209,2141,17128
graph_1_2024_07_24_PARIS_Noyau_Org_1_cystic_J7_40X_8bit_Cystiques.pt,test,Cystiques,0.4878046816885794,1447,11576
graph_1_2024_07_24_PARIS_Noyau_Org_7_cauliflower_J7_40X_8bit_Chouxfleurs.pt,test,Choux-fleurs,0.4387554680537137,1710,13680
graph_1_2024_08_20_PARIS_Noyau_Org_11_cauliflower_J7_40X_8bit_Chouxfleurs.pt,test,Choux-fleurs,0.4441643608310275,1665,13320
graph_1_2024_08_20_PARIS_Noyau_Org_13_cauliflower_J7_40X_8bit_Chouxfleurs.pt,test,Choux-fleurs,0.4333576452730841,1561,12488
graph_1_2024_08_20_PARIS_Noyau_Org_19_cauliflower_J7_40X_8bit_Chouxfleurs.pt,test,Choux-fleurs,0.45401568171780937,1175,9400
graph_1_2024_09_10_PARIS_Noyau_Org_23_cauliflower_J7_40X_8bit_Chouxfleurs.pt,test,Choux-fleurs,0.4181497901935858,2055,16440
graph_1_2024_09_10_PARIS_Noyau_Org_24_cauliflower_J7_40X_8bit_Chouxfleurs.pt,test,Choux-fleurs,0.42404248529248534,1560,12480
graph_1_2024_09_10_PARIS_Noyau_Org_40_cauliflower_J7_40X_8bit_Chouxfleurs.pt,test,Choux-fleurs,0.428728046350127,1413,11304
graph_1_2024_09_10_PARIS_Noyau_Org_6_cauliflower_J7_40X_8bit_Chouxfleurs.pt,test,Choux-fleurs,0.43956877566536134,3251,26008
graph_1_2024_10_03_PARIS_Noyau_Org_10_cauliflower_J7_40X_8bit_Chouxfleurs.pt,test,Choux-fleurs,0.48917830687517394,1181,9448
graph_1_2024_10_03_PARIS_Noyau_Org_3_cauliflower_J7_40X_8bit_Chouxfleurs.pt,test,Choux-fleurs,0.4508806017896927,2035,16280
graph_1_2025_01_28_PARIS_Noyau_Org _11_cystic_J7_40X_8bit_Cystiques.pt,test,Cystiques,0.5209666342150419,785,6280
graph_1_2025_01_28_PARIS_Noyau_Org _14_cystic_J7_40X_8bit_Cystiques.pt,test,Cystiques,0.5735855073605558,819,6552
graph_1_2025_01_28_PARIS_Noyau_Org _16_cystic_J7_40X_8bit_Cystiques.pt,test,Cystiques,0.5085573070255783,914,7312
graph_1_2025_01_28_PARIS_Noyau_Org _6_cystic_J7_40X_8bit_Cystiques.pt,test,Cystiques,0.4902204667264908,1992,15936
graph_1_2025_02_05_PARIS_Noyau_Org _3_cystic_J7_40X_8bit_Cystiques.pt,test,Cystiques,0.5082809895786995,1048,8384
graph_1_2025_02_05_PARIS_Noyau_Org _6_cystic_J7_40X_8bit_Cystiques.pt,test,Cystiques,0.5018685976451643,1101,8808
graph_1_2025_02_14_PARIS_Noyau_Org _12_cystic_J7_40X_8bit_Cystiques.pt,test,Cystiques,0.5111306913564029,1019,8152
graph_1_2025_02_14_PARIS_Noyau_Org _15_cystic_J7_40X_8bit_Cystiques.pt,test,Cystiques,0.516840347077928,926,7408
graph_1_2025_02_14_PARIS_Noyau_Org _2_cystic_J7_40X_8bit_Cystiques.pt,test,Cystiques,0.5871523328071607,530,4240
graph_1_2025_03_03_PARIS_Noyau_Org _1_cystic_J7_40X_8bit_Cystiques.pt,test,Cystiques,0.470623800269277,1636,13088
graph_1_2025_03_03_PARIS_Noyau_Org _4_cystic_J7_40X_8bit_Cystiques.pt,test,Cystiques,0.48100132705607745,1863,14904
graph_1_2025_03_03_PARIS_Noyau_Org _5_cystic_J7_40X_8bit_Cystiques.pt,test,Cystiques,0.43552462498216454,3097,24776
graph_1_2025_03_03_PARIS_Noyau_Org _8_cystic_J7_40X_8bit_Cystiques.pt,test,Cystiques,0.47162705441317077,2132,17056
graph_1_2025_03_19_PARIS_Noyau_Org _12_cystic_J7_40X_8bit_Cystiques.pt,test,Cystiques,0.4750316651479442,1419,11352
graph_1_2025_03_19_PARIS_Noyau_Org _9_cystic_J7_40X_8bit_Cystiques.pt,test,Cystiques,0.49929370280571755,1082,8656
graph_1_2025_03_20_PARIS_Noyau_Org _17_cystic_J7_40X_8bit_Cystiques.pt,test,Cystiques,0.5187506990163536,899,7192
graph_1_2025_03_20_PARIS_Noyau_Org _18_cystic_J7_40X_8bit_Cystiques.pt,test,Cystiques,0.800027991332339,23,184
graph_1_2025_03_20_PARIS_Noyau_Org _21_cystic_J7_40X_8bit_Cystiques.pt,test,Cystiques,0.4996668688910068,1740,13920
graph_2_2024_03_12_PARIS_Noyau_org_11_(8-bits)_Cystiques.pt,test,Cystiques,0.7091005859856128,110,880
graph_2_2024_06_26_PARIS_Noyau_Org_9_cystic_J7_20X_8bit_Cystiques.pt,test,Cystiques,0.9434343434343435,11,88
graph_2_2024_10_31_PARIS_Noyau_Org _14_cystic_J7_40X_8bit_Cystiques.pt,test,Cystiques,0.8123776223776225,15,120
graph_2_2025_03_20_PARIS_Noyau_Org _22_cystic_J7_40X_8bit_Cystiques.pt,test,Cystiques,0.49036488866237965,1674,13392
graph_3_2024_06_26_PARIS_Noyau_Org_11_cystic_J7_20X_8bit_Cystiques.pt,test,Cystiques,0.6544617983642373,41,328
graph_3_2024_08_20_PARIS_Noyau_Org_1_cauliflower_J7_40X_8bit_Chouxfleurs.pt,test,Choux-fleurs,0.8835941835941836,13,104
graph_4_2024_06_26_PARIS_Noyau_Org_11_cystic_J7_20X_8bit_Cystiques.pt,test,Cystiques,0.5964992044992046,150,1200
graph_5_2024_03_12_PARIS_Noyau_org_11_(8-bits)_Cystiques.pt,test,Cystiques,0.9181818181818181,12,96
graph_1_2024_06_26_PARIS_Noyau_Org_2_cystic_J7_40X_8bit_Cystiques.pt,val,Cystiques,0.492973568747104,1519,12152
graph_1_2024_07_18_PARIS_Noyau_Org_12_cauliflower_J7_40X_8bit_Chouxfleurs.pt,val,Choux-fleurs,0.44376334396363526,1373,10984
graph_1_2024_07_18_PARIS_Noyau_Org_9_cauliflower_J7_40X_8bit_Chouxfleurs.pt,val,Choux-fleurs,0.42421786800597777,1968,15744
graph_1_2024_07_24_PARIS_Noyau_Org_3_cystic_J7_40X_8bit_Cystiques.pt,val,Cystiques,0.49411229077194363,1901,15208
graph_1_2024_08_20_PARIS_Noyau_Org_8_cauliflower_J7_40X_8bit_Chouxfleurs.pt,val,Choux-fleurs,0.46349613833273967,1215,9720
graph_1_2024_08_20_PARIS_Noyau_Org_9_cauliflower_J7_40X_8bit_Chouxfleurs.pt,val,Choux-fleurs,0.43549546749546747,2175,17400
graph_1_2024_09_10_PARIS_Noyau_Org_11_cauliflower_J7_40X_8bit_Chouxfleurs.pt,val,Choux-fleurs,0.44355418108177486,1359,10872
graph_1_2024_09_10_PARIS_Noyau_Org_12_cauliflower_J7_40X_8bit_Chouxfleurs.pt,val,Choux-fleurs,0.934920634920635,11,88
graph_1_2024_09_10_PARIS_Noyau_Org_15_cauliflower_J7_40X_8bit_Chouxfleurs.pt,val,Choux-fleurs,0.4373686772905746,2267,18136
graph_1_2024_09_10_PARIS_Noyau_Org_22_cauliflower_J7_40X_8bit_Chouxfleurs.pt,val,Choux-fleurs,0.4331150560037058,1859,14872
graph_1_2024_09_10_PARIS_Noyau_Org_25_cauliflower_J7_40X_8bit_Chouxfleurs.pt,val,Choux-fleurs,0.42199736314101727,2151,17208
graph_1_2024_09_10_PARIS_Noyau_Org_26_cauliflower_J7_40X_8bit_Chouxfleurs.pt,val,Choux-fleurs,0.42527176931585975,2699,21592
graph_1_2024_09_10_PARIS_Noyau_Org_28_cauliflower_J7_40X_8bit_Chouxfleurs.pt,val,Choux-fleurs,0.42179085758564966,2573,20584
graph_1_2024_09_10_PARIS_Noyau_Org_2_cauliflower_J7_40X_8bit_Chouxfleurs.pt,val,Choux-fleurs,0.44405889955073213,1977,15816
graph_1_2024_09_10_PARIS_Noyau_Org_34_cauliflower_J7_40X_8bit_Chouxfleurs.pt,val,Choux-fleurs,0.4343671598392755,3389,27112
graph_1_2024_09_10_PARIS_Noyau_Org_3_cauliflower_J7_40X_8bit_Chouxfleurs.pt,val,Choux-fleurs,0.43843232699634077,2890,23120
graph_1_2024_10_03_PARIS_Noyau_Org_2_cauliflower_J7_40X_8bit_Chouxfleurs.pt,val,Choux-fleurs,0.4691623383371936,1311,10488
graph_1_2024_10_31_PARIS_Noyau_Org _15_cystic_J7_20X_8bit_Cystiques.pt,val,Cystiques,0.498014283561639,2439,19512
graph_1_2024_10_31_PARIS_Noyau_Org _18_cystic_J7_40X_8bit_Cystiques.pt,val,Cystiques,0.5532848917464301,663,5304
graph_1_2025_01_28_PARIS_Noyau_Org _10_cystic_J7_40X_8bit_Cystiques.pt,val,Cystiques,0.4777512334408886,1160,9280
graph_1_2025_01_28_PARIS_Noyau_Org _12_cystic_J7_40X_8bit_Cystiques.pt,val,Cystiques,0.5378910423009479,791,6328
graph_1_2025_01_28_PARIS_Noyau_Org _19_cystic_J7_40X_8bit_Cystiques.pt,val,Cystiques,0.5718344782146866,576,4608
graph_1_2025_01_28_PARIS_Noyau_Org _1_cystic_J7_40X_8bit_Cystiques.pt,val,Cystiques,0.4888975280982893,2102,16816
graph_1_2025_01_28_PARIS_Noyau_Org _2_cystic_J7_40X_8bit_Cystiques.pt,val,Cystiques,0.4912823551371037,895,7160
graph_1_2025_02_05_PARIS_Noyau_Org _4_cystic_J7_40X_8bit_Cystiques.pt,val,Cystiques,0.4838900976206676,1158,9264
graph_1_2025_02_14_PARIS_Noyau_Org _19_cystic_J7_40X_8bit_Cystiques.pt,val,Cystiques,0.4901031109868564,1901,15208
graph_1_2025_02_14_PARIS_Noyau_Org _1_cystic_J7_40X_8bit_Cystiques.pt,val,Cystiques,0.47727652604146625,1255,10040
graph_1_2025_02_14_PARIS_Noyau_Org _4_cystic_J7_40X_8bit_Cystiques.pt,val,Cystiques,0.46070098097049245,1781,14248
graph_1_2025_02_14_PARIS_Noyau_Org _5_cystic_J7_40X_8bit_Cystiques.pt,val,Cystiques,0.47892650287199284,1541,12328
graph_1_2025_03_03_PARIS_Noyau_Org _9_cystic_J7_40X_8bit_Cystiques.pt,val,Cystiques,0.4617122343985182,2107,16856
graph_1_2025_03_19_PARIS_Noyau_Org _3_cystic_J7_40X_8bit_Cystiques.pt,val,Cystiques,0.4980476259237321,904,7232
graph_1_2025_03_20_PARIS_Noyau_Org _19_cystic_J7_40X_8bit_Cystiques.pt,val,Cystiques,0.48626840874119254,1929,15432
graph_1_2025_03_20_PARIS_Noyau_Org _9_cystic_J7_40X_8bit_Cystiques.pt,val,Cystiques,0.5195584998875082,1079,8632
graph_2_2024_08_20_PARIS_Noyau_Org_6_cauliflower_J7_40X_8bit_Chouxfleurs.pt,val,Choux-fleurs,0.4499210237994916,2907,23256
graph_2_2024_09_10_PARIS_Noyau_Org_12_cauliflower_J7_40X_8bit_Chouxfleurs.pt,val,Choux-fleurs,0.4413261809213514,1408,11264
graph_2_2024_09_10_PARIS_Noyau_Org_18_cauliflower_J7_40X_8bit_Chouxfleurs.pt,val,Choux-fleurs,0.9777777777777779,10,80
graph_2_2025_02_05_PARIS_Noyau_Org _11_cystic_J7_40X_8bit_Cystiques.pt,val,Cystiques,0.625738648815572,39,312
graph_2_2025_02_14_PARIS_Noyau_Org _10_cystic_J7_40X_8bit_Cystiques.pt,val,Cystiques,0.6000143705500848,56,448
graph_2_2025_02_14_PARIS_Noyau_Org _19_cystic_J7_40X_8bit_Cystiques.pt,val,Cystiques,0.5740515187535055,151,1208
graph_2_2025_03_19_PARIS_Noyau_Org _10_cystic_J7_40X_8bit_Cystiques.pt,val,Cystiques,0.5550964506660709,79,632
graph_2_2025_03_19_PARIS_Noyau_Org _12_cystic_J7_40X_8bit_Cystiques.pt,val,Cystiques,0.8218602385269053,18,144
graph_2_2025_03_19_PARIS_Noyau_Org _6_cystic_J7_40X_8bit_Cystiques.pt,val,Cystiques,0.4999431030043274,1176,9408
graph_2_2025_03_20_PARIS_Noyau_Org _12_cystic_J7_40X_8bit_Cystiques.pt,val,Cystiques,0.699519660233946,42,336
graph_2_2025_03_20_PARIS_Noyau_Org _18_cystic_J7_40X_8bit_Cystiques.pt,val,Cystiques,0.4857737576928848,1558,12464
graph_2_2025_03_20_PARIS_Noyau_Org _27_cystic_J7_40X_8bit_Cystiques.pt,val,Cystiques,0.5014697019702582,1798,14384
graph_3_2024_03_12_PARIS_Noyau_org_8_(8-bits)_Cystiques.pt,val,Cystiques,0.8835941835941836,13,104
graph_3_2025_01_28_PARIS_Noyau_Org _18_cystic_J7_40X_8bit_Cystiques.pt,val,Cystiques,0.8429243958655723,17,136
graph_3_2025_03_20_PARIS_Noyau_Org _24_cystic_J7_40X_8bit_Cystiques.pt,val,Cystiques,0.6326211511396697,81,648
